{
  "variants": {
    "facing=down": {
      "model": "laserio:block/laser_connector"
    },
    "facing=east": {
      "model": "laserio:block/laser_connector",
      "x": -90,
      "y": 90,
      "z": 0
    },
    "facing=north": {
      "model": "laserio:block/laser_connector",
      "x": -90,
      "y": 0,
      "z": 0
    },
    "facing=south": {
      "model": "laserio:block/laser_connector",
      "x": -90,
      "y": 180,
      "z": 0
    },
    "facing=west": {
      "model": "laserio:block/laser_connector",
      "x": -90,
      "y": 270,
      "z": 0
    },
    "facing=up": {
      "model": "laserio:block/laser_connector",
      "x": -180,
      "y": 180,
      "z": 180
    }
  }
}