{
  "name": "Basics",
  "sortnum": 0,
  "category": "laserio:mechanics",
  "icon": "laserio:logic_chip",
  "pages": [
    {
      "type": "patchouli:text",
      "text": "Right clicking a Card in your hand will open up it's UI. You can also right click a card inside a $(l:laserio:laser_node)Node$(/l) UI.$(br2)Insert Mode:$(br)1. $(l:laserio:modes)Mode$(/l)$(br)2. $(l:laserio:sneaky)Sneaky$(/l)$(br)3. Filter$(br)4. $(l:laserio:overclocker_card)Card Overclocker$(/l)$(br)5. $(l:laserio:priority)Priority$(/l)$(br)6. $(l:laserio:channel)Channel$(/l)$(br)7. $(l:laserio:redstonemode)Redstone Mode$(/l)$(br)8. $(l:laserio:redstonechannel)Redstone Channel$(/l)"
    },
    {
      "type": "patchouli:image",
      "title": "Insert UI",
      "images": [
        "laserio:textures/book/entries/basics1.png"
      ],
      "border": true,
      "text": "An item card set to Insert Mode"
    },
    {
      "type": "patchouli:text",
      "text": "Extract Mode:$(br2)1. $(l:laserio:modes)Mode$(/l)$(br)2. $(l:laserio:sneaky)Sneaky$(/l)$(br)3. $(l:laserio:roundrobin)Round Robin$(/l)$(br)4. $(l:laserio:exact)Exact$(/l)$(br)5. Filter$(br)6. $(l:laserio:overclocker_card)Card Overclocker$(/l)$(br)7. $(l:laserio:extractamount)Extract Amount$(/l)$(br)8. $(l:laserio:tickspeed)Tick Speed$(/l)$(br)9. $(l:laserio:channel)Channel$(/l)"
    },
    {
      "type": "patchouli:image",
      "title": "Extract UI",
      "images": [
        "laserio:textures/book/entries/basics-extract.png"
      ],
      "border": true,
      "text": "An item card set to Extract Mode."
    },
    {
      "type": "patchouli:text",
      "text": "Stock Mode:$(br2)1. $(l:laserio:modes)Mode$(/l)$(br)2. $(l:laserio:sneaky)Sneaky$(/l)$(br)3. $(l:laserio:regulate)Regulate$(/l)$(br)4. $(l:laserio:exact)Exact$(/l)$(br)5. Filter$(br)6. $(l:laserio:overclocker_card)Card Overclocker$(/l)$(br)7. $(l:laserio:extractamount)Extract Amount$(/l)$(br)8. $(l:laserio:tickspeed)Tick Speed$(/l)$(br)9. $(l:laserio:channel)Channel$(/l)"
    },
    {
      "type": "patchouli:image",
      "title": "Stock UI",
      "images": [
        "laserio:textures/book/entries/basics-stock.png"
      ],
      "border": true,
      "text": "An item card set to Stock Mode."
    }
  ]
}