{
  "name": "Item Cards",
  "sortnum": 1,
  "category": "laserio:cards",
  "icon": "laserio:card_item",
  "pages": [
    {
      "type": "patchouli:text",
      "text": "Item Cards are used to send items between inventories, such as chests and furnaces.$(br2)Overclocker values are documented on the following page."
    },
    {
      "type": "patchouli:text",
      "text": "Item/T values (max) for Overclockers:$(br2)$(li)0 Overclockers: 8 Items/20t$(li)1 Overclocker:  16 Items/15t$(li)2 Overclockers: 32 Items/10t$(li)3 Overclockers: 48 Items/5t$(li)4 Overclockers: 64 Items/1t"
    },
    {
      "type": "patchouli:crafting",
      "title": "Item Card",
      "recipe": "laserio:card_item"
    }
  ]
}