{
  "name": "Redstone Cards",
  "sortnum": 4,
  "category": "laserio:cards",
  "icon": "laserio:card_redstone",
  "pages": [
    {
      "type": "patchouli:text",
      "text": "Redstone cards are used to transmit redstone signals across the entire LaserIO network. $(br2)Redstone cards have a dedicated 'redstone channel', separate from the channels that other cards use. "
    },
    {
      "type": "patchouli:text",
      "text": "Redstone cards have 2 modes:$(br2)$(bold)Input$()$(br)Input mode will accept a redstone signal from something like redstone dust, a lever, or a button, and transmit it across the network on the redstone channel configured on the card.$(br2)$(bold)Output$()$(br)Output will emit a redstone signal to blocks like redstone dust, lamp, or repeaters."
    },
    {
      "type": "patchouli:text",
      "text": "Output mode has a toggle for Weak vs Strong. In weak mode, only directly adjacent blocks like redstone will get the signal, similar to how redstone dust works.$(br2)In strong mode the redstone signal can transmit through an adjacent block and affect the block on the other side, like how levers work."
    },
    {
      "type": "patchouli:text",
      "text": "All cards have a redstone mode toggle, which defaults to ignored, meaning the cards will always operate.$(br2)If set to low, the cards will only function when there is NOT a redstone signal on the redstone channel (the channel button is to the right of the redstone toggle).$(br2)On redstone high mode, the cards will only operate when there IS a redstone signal on the redstone channel."
    },
    {
      "type": "patchouli:crafting",
      "title": "Redstone Card",
      "recipe": "laserio:card_redstone"
    }
  ]
}
