{
  "name": "Energy Cards",
  "sortnum": 3,
  "category": "laserio:cards",
  "icon": "laserio:card_energy",
  "pages": [
    {
      "type": "patchouli:text",
      "text": "Energy Cards are used to send Energy between inventories, such as machines and batteries.$(br2)Energy cards have some slightly different mechanics from the other cards, and will be documentated in the following pages."
    },
    {
      "type": "patchouli:text",
      "text": "Unlike Item/Fluid cards that require overclockers to operate faster than once every 20 ticks, Energy Cards can operate every tick by default.$(br2)FE/T values (max) for Overclockers:$(br)$(li)0 Overclockers: 1,000fe/t$(li)1 Overclocker:  4,000fe/t$(li)2 Overclockers: 16,000fe/t$(li)3 Overclockers: 32,000fe/t$(li)4 Overclockers: 100,000fe/t"
    },
    {
      "type": "patchouli:text",
      "text": "Energy cards also have an 'Energy Limit %' setting -- By default, on insert/stock modes this is 100%, and on extract modes this is 0%. On insert/stock mode it specifies how much to fill up the specified energy acceptor. $(br2)For example: If the block can hold 1,000,000 FE, and you specify 50%, it will only fill up to 500,000FE."
    },
    {
      "type": "patchouli:text",
      "text": "In extract mode, this designates what percent should be left behind.$(br2)For example: If you are extracting FE from an energy cell that can hold 1,000,000FE, and specify a limit of 25%, it will not extract below 250,000 FE."
    },
    {
      "type": "patchouli:text",
      "text": "Technical Note: The Forge Energy system supports energy storage up to MAX_INT which is approximately 2.14 billion FE. If you are using a mod like Draconic Evolution or Mekanism, their storage cells can store greater than this amount by 'hacking' how Forge Energy works. As a result, this % indicator will not work on storage cells greater than 2.14 billion FE. Sorry! :)"
    },
    {
      "type": "patchouli:crafting",
      "title": "Energy Card",
      "recipe": "laserio:card_energy"
    }
  ]
}