{
  "name": "Card Holder",
  "icon": "laserio:card_holder",
  "sortnum": 2,
  "category": "laserio:items",
  "pages": [
    {
      "type": "patchouli:text",
      "text": "The card holder is the solution to all your inventory woes! At least, the ones caused by this mod....Simply craft a Card Holder and right click it to open up the UI. Cards placed in this UI can stack up to 64, provided their NBT data matches. (Reminder: You can craft cards by themselves to reset their NBT)"
    },
    {
      "type": "patchouli:text",
      "text": "Cards can be modified from within the holder - by right clicking on a cardstack (Just like in a laser node).$(br2)NOTE: If the stacksize of the card is larger than 1, it will disable the Filter and Overclocker slots to prevent item duping. #BlameSoaryn"
    },
    {
      "type": "patchouli:text",
      "text": "By holding shift and right clicking the Card holder, it will start automatically pulling cards out of your inventory! You can tell this is activated because the card holder starts to glow as if it were enchanted. Shift-right click again to toggle it off. If you have the card holder in your inventory when you open a node, you'll see its cards displayed"
    },
    {
      "type": "patchouli:crafting",
      "title": "Card Holder",
      "recipe": "laserio:card_holder"
    }
  ]
}