{
  "name": "Fluid Cards",
  "sortnum": 2,
  "category": "laserio:cards",
  "icon": "laserio:card_fluid",
  "pages": [
    {
      "type": "patchouli:text",
      "text": "Fluid Cards are used to send Fluids between inventories, such as tanks.$(br2)Overclocker values are documented on the following page."
    },
    {
      "type": "patchouli:text",
      "text": "MB/T values (max) for Overclockers:$(br2)$(li)0 Overclockers: 1,000mb/20t$(li)1 Overclocker:  2,000mb/15t$(li)2 Overclockers: 4,000mb/10t$(li)3 Overclockers: 6,000mb/5t$(li)4 Overclockers: 8,000mb/1t"
    },
    {
      "type": "patchouli:crafting",
      "title": "Fluid Card",
      "recipe": "laserio:card_fluid"
    }
  ]
}