{
  "name": "Extract Amount",
  "sortnum": 7,
  "category": "laserio:mechanics",
  "icon": "laserio:textures/gui/buttons/modeextractor.png",
  "pages": [
    {
      "type": "patchouli:text",
      "text": "Extract Amount is only available on Extractor and Stocker Modes.$(br2)This setting determines how many items (or how much fluid/fe) are extracted per operation.$(br2)For example, if set to 8 items per 20 ticks, the extractor will extract 8 items at a time, every 20 ticks."
    },
    {
      "type": "patchouli:text",
      "text": "Extractor and Stocker cards have a default value of 1, and a maximum value of 8, unless $(l:laserio:overclocker_card)Card Overclockers$(/l) are installed.  The following extract amounts are allowed with the designated overclockers installed:$(br)1. 16$(br)2. 32$(br)3. 48$(br)4. 64$(br2)If you want to extract 64 items at a time, you need 4 overclockers installed."
    },
    {
      "type": "patchouli:text",
      "text": "Left click on this value to increase it by 1. Right click to decrease it. Holding shift will multiply the change amount by 10, while holding control will multiply the change amount by 64.$(br2)These can be combined, meaning holding shift+ctrl will multiply by 640.$(br2)For example, shift right click will decrement by 10."
    }
  ]
}