{
  "name": "Basic Mechanics",
  "icon": "laserio:logic_chip",
  "sortnum": 0,
  "category": "laserio:filters",
  "pages": [
    {
      "type": "patchouli:text",
      "text": "Right click a filter item to open it's UI. Alternatively, the UI is also available when filters are inside cards.$(br2)Filters allow you to restrict what items can be inserted, extracted, or stocked.$(br2)1. Allow vs Deny$(br)2. Compare NBT$(br)3. Filter Slots"
    },
    {
      "type": "patchouli:image",
      "title": "Filter UI",
      "images": [
        "laserio:textures/book/entries/filter_basic.png"
      ],
      "border": true,
      "text": "Basic Filter UI"
    },
    {
      "type": "patchouli:text",
      "text": "Allow vs Deny$(br2)In allow mode, the items in the filter will be allowed by the filter. Meaning that inserters can accept cobblestone, or extractors can extract cobblestone.$(br2)In Deny mode, it is the opposite."
    },
    {
      "type": "patchouli:text",
      "text": "Compare NBT$(br2)When compare NBT is enabled, NBT tags on items will be considered by the filter. For example, a sword stores how much damage it has taken on NBT. With 'Compare NBT' enabled, a diamond sword without any damage is different than a damaged one, or an enchanted one.$(br2)With Compare NBT disabled, all diamond swords will match, regardless of their status. "
    }
  ]
}