{
  "name": "Counting Filter",
  "sortnum": 2,
  "category": "laserio:filters",
  "icon": "laserio:filter_count",
  "pages": [
    {
      "type": "patchouli:text",
      "text": "The Count Filter can designate a specified number of items, and plays a different role based on the card's mode.$(br2)Stack sizes of items can go from 1 to 4096. Left click will increase the stack size, while right click will decrease it. Holding shift or control will modify this amount by 10 or 64 respectively."
    },
    {
      "type": "patchouli:text",
      "text": "If a counting filter is used in a stocker mode card, it will try to keep the specified amount of resources in stock. For example, keeping 64 cobblestone in a chest is done by using a Counting Filter with 64 cobblestone.$(br2)If a counting filter is used in an Inserter card, it will limit how many items are allowed to be sent to that inventory by extractor cards."
    },
    {
      "type": "patchouli:text",
      "text": "If a counting filter is used in a extractor mode card, it will leave the designated number of items behind. For example, if you set an extract card with a filter of 8 cobblestone, it will pull out all but the last 8 cobblestone from a chest.$(br2)Counting filters do not have an Allow vs Deny button - as Deny mode would not make any sense for a counting filter. All counting filters are 'Allow mode'.  JEI Interaction works the same as it does in a $(l:laserio:filter_basic)Basic Filter$(/l)."
    }
  ]
}