{
  "name": "Tag Filter",
  "sortnum": 2,
  "category": "laserio:filters",
  "icon": "laserio:filter_tag",
  "pages": [
    {
      "type": "patchouli:text",
      "text": "The tag filter allows a player to filter by tags on resources.$(br2)Tags are a way for Minecraft to group similar resources. For example, on the right we can see that an Iron Ingot has the 'forge:ingots' tag. So too does gold, copper, tin, etc.$(br2)The tag filter would allow you to sort on all ingots with a single entry!"
    },
    {
      "type": "patchouli:image",
      "title": "Tag UI",
      "images": [
        "laserio:textures/book/entries/filter_tag.png"
      ],
      "border": true,
      "text": "Tag UI"
    },
    {
      "type": "patchouli:text",
      "text": "First, start by placing an item in the slot on the top right. A list of tags on this item will appear in $(#0000ff)blue$(). Click on the tag you want added, and press the + button. Holding shift and pressing the + button will add all tags to the list.$(br2)To remove a tag from the list, select it and press the - button. $(br2)Alternatively you can shift-click to automatically add/remove the tag."
    },
    {
      "type": "patchouli:text",
      "text": "The X button will clear the entire list.$(br2)The list is treated as an 'or' list - meaning an item that matches any one of the tags on the list will be filtered.$(br2)Tag Filters do not support NBT comparisons, as that would not make any sense."
    }
  ]
}