{
  "name": "Basic Filter",
  "sortnum": 1,
  "category": "laserio:filters",
  "icon": "laserio:filter_basic",
  "pages": [
    {
      "type": "patchouli:text",
      "text": "The basic filter can be used to limit what items are allowed in an inventory.$(br2)These slots are 'ghost slots', which means they do not REALLY hold items, just an image of an item."
    },
    {
      "type": "patchouli:text",
      "text": "If JEI is installed, you may drag items from JEI into these 'ghost slots'. Simply left click and drag out of JEI into the filter UI."
    }
  ]
}