{
  "name": "Laser Wrench",
  "icon": "laserio:laser_wrench",
  "sortnum": 1,
  "category": "laserio:items",
  "pages": [
    {
      "type": "patchouli:text",
      "text": "The Laser Wrench is primarily used to connect multiple Blocks together.$(br2)$(l:laserio:laser_node)Nodes$(/l) and $(l:laserio:laser_connector)Connectors$(/l) can be connected by Shift-RightClicking to select a block, and then right clicking another block to form a connecion.$(br2)The max connection range is 8 blocks."
    },
    {
      "type": "patchouli:image",
      "title": "Laser Wrench",
      "images": [
        "laserio:textures/book/entries/laser_wrench.png"
      ],
      "border": true,
      "text": "The currently selected block is highlighted green."
    },
    {
      "type": "patchouli:crafting",
      "title": "Laser Wrench",
      "recipe": "laserio:laser_wrench"
    }
  ]
}