{
  "name": "Laser Node",
  "icon": "laserio:laser_node",
  "sortnum": 0,
  "category": "laserio:blocks",
  "pages": [
    {
      "type": "patchouli:text",
      "text": "The Laser Node is the most important block in LaserIO as it allows interaction with adjacent blocks. $(br2)By using Cards such as the $(l:laserio:card_item)Item Card$(/l), you can interact with the adjacent block to transfer Items, Fluids, Energy, or Redstone."
    },
    {
      "type": "patchouli:image",
      "title": "Laser Node",
      "images": [
        "laserio:textures/book/entries/laser_node1.png"
      ],
      "border": true,
      "text": "Node interacting with Chest"
    },
    {
      "type": "patchouli:text",
      "text": "Each side of a node has a 3x3 grid of inventory slots that accept Cards. Right click a node's side to open it's UI. $(br2)Use the buttons along the top to change which side you're working on, in case the side you want to modify isn't easily accessible.$(br2)The adjacent screenshot shows a node interacting with an inventory on it's west side. "
    },
    {
      "type": "patchouli:image",
      "title": "Laser Node UI",
      "images": [
        "laserio:textures/book/entries/laser_node_gui1.png"
      ],
      "border": true,
      "text": "Node UI with Card"
    },
    {
      "type": "patchouli:text",
      "text": "Nodes can interact with multiple adjacent inventories at the same time."
    },
    {
      "type": "patchouli:image",
      "title": "Laser Node Working",
      "images": [
        "laserio:textures/book/entries/laser_node2.png"
      ],
      "border": true,
      "text": "Node between 2 chests"
    },
    {
      "type": "patchouli:text",
      "text": "Nodes can be connected together using the $(l:laserio:laser_wrench)Laser Wrench$(/l), allowing connections between distant inventories.  The maximum range between connections is 8 blocks.$(br2)If your nodes are father apart, it is recommended to use $(l:laserio:laser_connector)Laser Connectors$()."
    },
    {
      "type": "patchouli:image",
      "title": "Laser Nodes Connected",
      "images": [
        "laserio:textures/book/entries/laser_node3.png"
      ],
      "border": true,
      "text": "Two Nodes Connected"
    },
    {
      "type": "patchouli:crafting",
      "title": "Laser Node",
      "recipe": "laserio:laser_node"
    }
  ]
}