{
  "name": "Laser Connector",
  "icon": "laserio:laser_connector",
  "sortnum": 1,
  "category": "laserio:blocks",
  "pages": [
    {
      "type": "patchouli:text",
      "text": "Multiple $(l:laserio:laser_node)Laser Nodes$(/l) can be connected directly to each other using the $(l:laserio:laser_wrench)Laser Wrench$(/l), however the maximum range is 8 blocks. $(br2)Laser Connectors can act as a cheaper intermediary point between nodes, allowing you to build a network of interconnected inventories."
    },
    {
      "type": "patchouli:image",
      "title": "Laser Node",
      "images": [
        "laserio:textures/book/entries/laser_connector1.png"
      ],
      "border": true,
      "text": "Connector between 2 nodes"
    },
    {
      "type": "patchouli:crafting",
      "title": "Laser Connector",
      "recipe": "laserio:laser_connector"
    }
  ]
}