{
  "name": "Limit",
  "sortnum": 10,
  "category": "laserio:mechanics",
  "icon": "laserio:card_energy",
  "pages": [
    {
      "type": "patchouli:text",
      "text": "Limit % only exists on Energy Cards. Limit % specifies the percentage of FE to operate with on the adjacent energy accepting block.$(br2)There are two different metrics, Insert % for Stock/Insert mode, and Extract % for extract mode."
    },
    {
      "type": "patchouli:text",
      "text": "$(l)Insert/Stock Limit$()$(br2)By default, the limit% is set to 100%.  Specifies how much to fill up the specified energy block.$(br2)For example: If the block can hold 1,000,000 FE, and you specify 50%, it will only fill up to 500,000FE.$(br2)The default (100%) will fill it up completely."
    },
    {
      "type": "patchouli:text",
      "text": "$(l)Extract Limit$()$(br2)By default, the limit% is set to 0%. Specifies how much to leave behind in the specified energy block.$(br2)For example: If the block can hold 1,000,000 FE, and you specify 50%, it will extract until the block has 500,000fe remaining, and will not extract any more.$(br2)The default (0%) will extract all energy."
    }
  ]
}