{
  "name": "Logic Chips",
  "icon": "laserio:logic_chip",
  "sortnum": 0,
  "category": "laserio:items",
  "pages": [
    {
      "type": "patchouli:text",
      "text": "Logic Chips are the primary crafting ingredient in LaserIO. $(br2)They are the only item crafted with 'vanilla' materials, and all subsequent items use a chip in one way or another."
    },
    {
      "type": "patchouli:crafting",
      "title": "Raw Logic Chip",
      "recipe": "laserio:logic_chip_raw"
    },
    {
      "type": "patchouli:smelting",
      "title": "Logic Chip",
      "recipe": "laserio:logic_chip"
    }
  ]
}