{
  "name": "Card Overclocker",
  "icon": "laserio:overclocker_card",
  "sortnum": 2,
  "category": "laserio:items",
  "pages": [
    {
      "type": "patchouli:text",
      "text": "Card Overclockers allow individual cards to operate more quickly.$(br2)For example, Item Cards can only extract at most 8 items every 20 ticks (1 second). With 4 overclockers installed they can reach 64 items per 1 tick!$(br2)See the Cards section for more details on how each card is affected by overclockers."
    },
    {
      "type": "patchouli:crafting",
      "title": "Card Overclocker",
      "recipe": "laserio:overclocker_card"
    }
  ]
}