{
  "name": "Redstone Mode",
  "sortnum": 11,
  "category": "laserio:mechanics",
  "icon": "laserio:textures/gui/buttons/redstonehigh.png",
  "pages": [
    {
      "type": "patchouli:text",
      "text": "Redstone mode determines how a redstone signal on the $(l:laserio:redstonechannel)Redstone Channel$(/l) will affect a card.$(br2)By default, this is set to $(bold)ingored$() which means the card will always operate, and redstone will not affect it."
    },
    {
      "type": "patchouli:text",
      "text": "$(br2)If set to low, the cards will only function when there is NOT a redstone signal on the redstone channel (the channel button is to the right of the redstone toggle).$(br2)On redstone high mode, the cards will only operate when there IS a redstone signal on the redstone channel."
    }
  ]
}