{
  "name": "Regulate",
  "sortnum": 9,
  "category": "laserio:mechanics",
  "icon": "laserio:textures/gui/buttons/regulatetrue.png",
  "pages": [
    {
      "type": "patchouli:text",
      "text": "Regulate is only available on Stocker Mode.$(br2)Regulate ensures the counting filter will keep the specified amount of resources in the inventory, no more no less."
    },
    {
      "type": "patchouli:text",
      "text": "When Regulate mode is disabled, excess items will not be removed. If a stocker is requesting 32 cobblestone with a Counting Filter, and a player or another card adds more cobblestone, the excess cobblestone will not be removed.$(br2)With Regulate mode enabled, the excess cobble would be removed, if there is an inserter that can accept it."
    }
  ]
}