{
  "name": "Round Robin",
  "sortnum": 5,
  "category": "laserio:mechanics",
  "icon": "laserio:textures/gui/buttons/roundrobintrue.png",
  "pages": [
    {
      "type": "patchouli:text",
      "text": "Round Robin is only available on Extractor Mode.$(br2)Round robin instructs an extractor to evenly distribute items among multiple inserters.$(br2)There are three modes available:$(br)1. False$(br)2. True$(br)3. Enforced"
    },
    {
      "type": "patchouli:text",
      "text": "When set to $(l)false$(), round robin is disabled, and the $(l:laserio:priority)priority$(/l) system is followed. The first inventory will fill entirely before objects are sent to the second inventory.$(br2)When set to $(l)true$(), items will be sent to chests in priority order, and evenly distributed.$(br2)If there are 3 chests in a network, the first set of items will go to the first chest, the 2nd set to the 2nd chest, etc."
    },
    {
      "type": "patchouli:text",
      "text": "When set to $(l)enforced$(), the same rules as 'true' are followed. However, if one of the destinations becomes full, the extractor will stop operating until it becomes available again.$(br2)Note: Chunk Unloading may cause a change to round robin mechanics, especially if some nodes are unloaded when others are not."
    }
  ]
}