{
  "name": "Tick Speed",
  "sortnum": 8,
  "category": "laserio:mechanics",
  "icon": "minecraft:textures/item/clock_00.png",
  "pages": [
    {
      "type": "patchouli:text",
      "text": "Tick Speed is only available on Extractor and Stocker Modes.$(br2)This setting determines how quickly a card operates. The default value of 20 ticks means an extractor card will only extract items every 20 ticks, or 1 second."
    },
    {
      "type": "patchouli:text",
      "text": "Extractor and Stocker cards have a default and minimum value of 20, with a maximum value of 1200, unless $(l:laserio:overclocker_card)Card Overclockers$(/l) are installed.  The following minimum tick speeds are allowed with the designated overclockers installed:$(br)1. 15$(br)2. 10$(br)3. 5$(br)4. 1$(br2)If you want to extract items every tick, you need 4 overclockers installed."
    },
    {
      "type": "patchouli:text",
      "text": "Left click on this value to increase it by 1. Right click to decrease it. Holding shift will multiply the change amount by 10, while holding control will multiply the change amount by 64.$(br2)These can be combined, meaning holding shift+ctrl will multiply by 640.$(br2)For example, shift right click will decrement by 10."
    }
  ]
}