{
  "name": "基础",
  "sortnum": 0,
  "category": "laserio:mechanics",
  "icon": "laserio:logic_chip",
  "pages": [
    {
      "type": "patchouli:text",
      "text": "右键你手中的卡打开它的界面。你也可以在$(l:laserio:laser_node)节点$(/l)的界面中右键卡来打开。$(br2)输入模式：$(br)1. $(l:laserio:modes)模式$(/l)$(br)2. $(l:laserio:sneaky)潜行$(/l)$(br)3. 过滤器$(br)4. $(l:laserio:overclocker_card)卡超频元件$(/l)$(br)5. $(l:laserio:priority)优先级$(/l)$(br)6. $(l:laserio:channel)频道$(/l)$(br)7. $(l:laserio:redstonemode)红石模式$(/l)$(br)8. $(l:laserio:redstonechannel)红石频道$(/l)"
    },
    {
      "type": "patchouli:image",
      "title": "输入模式界面",
      "images": [
        "laserio:textures/book/entries/basics1.png"
      ],
      "border": true,
      "text": "一个设定为输入模式的物品卡。"
    },
    {
      "type": "patchouli:text",
      "text": "抽取模式：$(br2)1. $(l:laserio:modes)模式$(/l)$(br)2. $(l:laserio:sneaky)潜行$(/l)$(br)3. $(l:laserio:roundrobin)轮询调度$(/l)$(br)4. $(l:laserio:exact)精确$(/l)$(br)5. 过滤器$(br)6. $(l:laserio:overclocker_card)卡超频元件$(/l)$(br)7. $(l:laserio:extractamount)抽取数量$(/l)$(br)8. $(l:laserio:tickspeed)传输速度$(/l)$(br)9. $(l:laserio:channel)频道$(/l)"
    },
    {
      "type": "patchouli:image",
      "title": "抽取模式界面",
      "images": [
        "laserio:textures/book/entries/basics-extract.png"
      ],
      "border": true,
      "text": "一个设定为抽取模式的物品卡。"
    },
    {
      "type": "patchouli:text",
      "text": "存储模式：$(br2)1. $(l:laserio:modes)模式$(/l)$(br)2. $(l:laserio:sneaky)潜行$(/l)$(br)3. $(l:laserio:regulate)固定数量$(/l)$(br)4. $(l:laserio:exact)精确$(/l)$(br)5. 过滤器$(br)6. $(l:laserio:overclocker_card)卡超频元件$(/l)$(br)7. $(l:laserio:extractamount)抽取数量$(/l)$(br)8. $(l:laserio:tickspeed)传输速度$(/l)$(br)9. $(l:laserio:channel)频道$(/l)"
    },
    {
      "type": "patchouli:image",
      "title": "存储模式界面",
      "images": [
        "laserio:textures/book/entries/basics-stock.png"
      ],
      "border": true,
      "text": "一个设定为存储模式的物品卡。"
    }
  ]
}