{
  "name": "红石卡",
  "sortnum": 4,
  "category": "laserio:cards",
  "icon": "laserio:card_redstone",
  "pages": [
    {
      "type": "patchouli:text",
      "text": "红石卡用于在 LaserIO 网络之间传输红石信号。$(br2)红石卡拥有一个特定的“红石频道”，独立于其他卡所使用的频道。"
    },
    {
      "type": "patchouli:text",
      "text": "红石卡有 2 种模式：$(br2)$(bold)输入$()$(br)输入模式下，将从红石粉、拉杆或者按钮这样的东西接受红石信号，并通过设定的频道在网络中传输。$(br2)$(bold)输出$()$(br)输出模式下，将输出红石信号给红石粉，红石灯或者中继器之类的东西。"
    },
    {
      "type": "patchouli:text",
      "text": "输出模式下可以切换弱或者强信号。弱信号模式下，只有直接相邻的方块（例如红石粉）会收到信号，类似于红石粉的工作方式。$(br2)强信号模式下，红石信号能够穿过相邻的方块到达另一边，类似于拉杆输出的信号。"
    },
    {
      "type": "patchouli:text",
      "text": "所有的卡都可以切换红石模式，默认为忽略红石信号，意味着此卡将一直工作。$(br2)如果设定为低，卡只会在对应的红石频道$(bold)没有$()信号的时候工作（红石频道按钮在红石模式按钮右边）。$(br2)在高红石信号模式下，卡只会在对应红石频道$(bold)有$()信号的时候工作。"
    },
    {
      "type": "patchouli:crafting",
      "title": "红石卡",
      "recipe": "laserio:card_redstone"
    }
  ]
}
