{
  "name": "卡存储器",
  "icon": "laserio:card_holder",
  "sortnum": 2,
  "category": "laserio:items",
  "pages": [
    {
      "type": "patchouli:text",
      "text": "解决你的物品栏空间不足问题！至少能解决这个模组产生的...只需制作一个卡存储器，右键打开它的界面。卡存储器的一个格子可以存放 64 张卡，只要它们的 NBT 相同。（提示：将卡放进合成栏里面可以清除 NBT。）"
    },
    {
      "type": "patchouli:text",
      "text": "卡可以在存储器中编辑——只需右键它们（就像在激光节点中一样）。$(br2)注意：如果这个格子中卡的数量大于1，将禁用过滤器和超频来防止刷物品。#BlameSoaryn"
    },
    {
      "type": "patchouli:text",
      "text": "Shift 右键卡存储器，它会将你物品栏中的卡自动存进它里面！你可以看出这个功能是否启用，因为这时它会像附魔物品那样发光。Shift 右键关闭此功能。如果你的物品栏中有卡存储器，打开节点后会显示它存储的卡。"
    },
    {
      "type": "patchouli:crafting",
      "title": "卡存储器",
      "recipe": "laserio:card_holder"
    }
  ]
}