{
  "name": "能量卡",
  "sortnum": 3,
  "category": "laserio:cards",
  "icon": "laserio:card_energy",
  "pages": [
    {
      "type": "patchouli:text",
      "text": "能量卡用于在容器之间传输能量，例如机器和电池。$(br2)能量卡的机制和其他的卡有些许不同，将在后面几页详述。"
    },
    {
      "type": "patchouli:text",
      "text": "和物品/流体卡需要超频来以低于20刻/次操作的速度工作不同，能量卡默认每刻进行一次传输。$(br2)超频后的最大 FE 传输速率：$(br)$(li)没有超频元件：1000FE/t$(li)1 个超频元件：4,000FE/t$(li)2 个超频元件：16,000FE/t$(li)3 个超频元件：32,000FE/t$(li)4 个超频元件：100,000FE/t"
    },
    {
      "type": "patchouli:text",
      "text": "能量卡也有一个“能量上限”的设置，以百分比显示。默认情况下，在输入/存储模式为 100%，在抽取模式为 0%。在输入/存储模式下，这个数字决定接受能量的容器会被填充到多满， $(br2)例如，如果一个方块最多能够存储 1,000,000 FE，而你设定的值是 50%，最后只会存储 500,000 FE。"
    },
    {
      "type": "patchouli:text",
      "text": "在抽取模式下，这个值决定会留下多少能量。$(br2)例如，如果你从一个容量为 1,000,000FE 的电池抽取能量，而设定的值是 25%，那么当剩余能量低于 250,000 FE 时便不会再抽取。"
    },
    {
      "type": "patchouli:text",
      "text": "技术性提示： Forge 能量系统支持的能量储量上限为 INT 类型的最大值，约为 21.4 亿。如果你在使用 Draconic Evolution 或者 Mekanism，它们的能量储存设备可以存储比这更大的量，这是通过魔改 Forge 能量系统做到的。因此，这个能量百分比对于容量大于 21.4 亿的容器不起作用，抱歉！:)"
    },
    {
      "type": "patchouli:crafting",
      "title": "能量卡",
      "recipe": "laserio:card_energy"
    }
  ]
}