{
  "name": "精确模式",
  "sortnum": 6,
  "category": "laserio:mechanics",
  "icon": "laserio:textures/gui/buttons/exacttrue.png",
  "pages": [
    {
      "type": "patchouli:text",
      "text": "精确模式只在抽取和存储模式下可用。$(br2)精确模式保证一次抽取的数量符合“抽取数量”一栏填入的数字。例如，如果抽取数量设置为 8，但附近的箱子里面只有 5 个物品，将不会抽取物品，直到有 8 个物品为止。"
    },
    {
      "type": "patchouli:text",
      "text": "对于存储模式，精确模式的工作方式会有些许变化。精确模式下，仅当网络中满足存储请求所需的数量或满足抽取数量（以较小者为准）时，才允许物品传输。$(br2)例如，如果一个存储模式卡需要 13 个以上物品，且一次可抽取 32 个物品时，只会从网络某处抽取 13 个物品。"
    }
  ]
}