{
  "name": "基础过滤器",
  "sortnum": 1,
  "category": "laserio:filters",
  "icon": "laserio:filter_basic",
  "pages": [
    {
      "type": "patchouli:text",
      "text": "过滤器用于限制容器中的何种物品能够通过。$(br2)过滤器里的栏位都是“幽灵栏位”，它们不真的存储物品，只是显示物品图标而已。"
    },
    {
      "type": "patchouli:text",
      "text": "如果安装了 JEI，你可以直接从 JEI 拖拽物品。只需在 JEI 左键点击某个物品放进过滤器栏位即可。"
    }
  ]
}