{
  "name": "计数过滤器",
  "sortnum": 2,
  "category": "laserio:filters",
  "icon": "laserio:filter_count",
  "pages": [
    {
      "type": "patchouli:text",
      "text": "计数过滤器指定物品的数量，根据卡的模式发挥不同作用。$(br2)允许的物品数量在 1 至 4096之间。左键点击增加数值，右键减少。按住 Shift 或 Ctrl 将分别把改变量乘 10 或 64。"
    },
    {
      "type": "patchouli:text",
      "text": "在存储模式下使用计数过滤器，它会试图将存储的资源量保持为设定的数值。例如，可以使用一个设置了 64 个圆石的计数过滤器来保持一个箱子里总是有 64 个圆石。$(br2)如果在输入模式下使用计数过滤器，它会限制可存入容器的物品数量。"
    },
    {
      "type": "patchouli:text",
      "text": "如果在抽取模式下使用计数过滤器，它会保留设定数目的物品。例如，如果抽取卡的过滤器设定为 8 个圆石，最后的 8 个圆石将不会被抽取。$(br2)计数过滤器没有黑白名单，因为黑名单没有意义。所有计数过滤器都是白名单。在计数过滤器里也可以像在$(l:laserio:filter_basic)基础过滤器$(/l)一样使用 JEI。"
    }
  ]
}