{
  "name": "限制",
  "sortnum": 10,
  "category": "laserio:mechanics",
  "icon": "laserio:card_energy",
  "pages": [
    {
      "type": "patchouli:text",
      "text": "能量限制只在能量卡中可用。该值决定相邻能量容器将被转移的能量百分比。$(br2)有两种计量机制：存储/输入模式使用输入百分比，抽取模式使用抽取百分比。"
    },
    {
      "type": "patchouli:text",
      "text": "$(l)输入/存储限制$()$(br2)默认为 100%。决定目标能量容器将被填充到多满。$(br2)例如，例如，如果一个方块最多能够存储 1,000,000 FE，而你设定的值是 50%，最后只会存储 500,000 FE。$(br2)默认值 (100%) 将把它完全装满。"
    },
    {
      "type": "patchouli:text",
      "text": "$(l)抽取限制$()$(br2)默认为 0%。决定抽取后会留下多少能量。$(br2)例如，如果一个方块最多能够存储 1,000,000 FE，而你设定的值是 50%，会持续抽取能量直到剩下 500,000FE，之后不再抽取。$(br2)默认值 (0%) 将提取所有能量。"
    }
  ]
}