{
  "name": "逻辑芯片",
  "icon": "laserio:logic_chip",
  "sortnum": 0,
  "category": "laserio:items",
  "pages": [
    {
      "type": "patchouli:text",
      "text": "逻辑芯片是本模组的主要合成材料。$(br2)这是唯一用原版材料合成的物品，后续的所有物品都直接或间接地需要逻辑芯片。"
    },
    {
      "type": "patchouli:crafting",
      "title": "未处理的逻辑芯片",
      "recipe": "laserio:logic_chip_raw"
    },
    {
      "type": "patchouli:smelting",
      "title": "逻辑芯片",
      "recipe": "laserio:logic_chip"
    }
  ]
}