{
  "name": "固定数量",
  "sortnum": 9,
  "category": "laserio:mechanics",
  "icon": "laserio:textures/gui/buttons/regulatetrue.png",
  "pages": [
    {
      "type": "patchouli:text",
      "text": "固定数量只在存储模式可用。$(br2)固定数量将保证计数过滤器保持容器中的资源数量，不多不少。"
    },
    {
      "type": "patchouli:text",
      "text": "固定数量禁用后，超出的物品不会被移除。如果一个带有计数过滤器的存储模式卡请求了 32 个圆石，而玩家或另一个卡往容器中加入更多圆石，超出的圆石不会被移除。$(br2)启用后，如果有输入卡能够接受，超出的圆石会被移除。"
    }
  ]
}