{
  "name": "潜行",
  "sortnum": 2,
  "category": "laserio:mechanics",
  "icon": "laserio:textures/gui/buttons/sneaky-up.png",
  "pages": [
    {
      "type": "patchouli:text",
      "text": "“潜行”设定决定卡将作用在哪个方向的相邻容器。$(br2)例如，熔炉在顶面接受物品。如果节点在熔炉下面，将输入卡的“潜行”设置为“上”。"
    },
    {
      "type": "patchouli:text",
      "text": "这张卡会试图从熔炉的顶面输入物品。$(br2)另外一张设定为“潜行”“下”的卡会从下方输入燃料。"
    }
  ]
}