{
  "name": "Recipiente para Cartões",
  "icon": "laserio:card_holder",
  "sortnum": 2,
  "category": "laserio:items",
  "pages": [
    {
      "type": "patchouli:text",
      "text": "O Recipiente para Cartões é a solução para as preocupações com o seu inventário! Pelo menos, aquelas causadas por este mod... Basicamente basta criar um Recipiente para Cartões e clicar com o botão direito para abrir sua interface. Cartões colocados nessa interface podem ter uma stack de até 64, desde que as tags NBT sejam compatíveis. (Lembrete: Você pode resetar as tags NBT de um cartão colocando-os na tela de craft)"
    },
    {
      "type": "patchouli:text",
      "text": "Os Cartões podem ser modificados quando estão no Recipiente - clique com o botão direito na stack (igual é feito no Nó a Laser).$(br2)NOTA: Se o tamanho da stack do cartão é maior do que 1, os slots do Filtro e do Overclocker serão desabilitados para evitar duplicação de itens. #BlameSoaryn"
    },
    {
      "type": "patchouli:text",
      "text": "Segurando a tecla Shift e cliquando com o botão direito no Recipiente para Cartões, será iniciando uma coleta automática de todos os cartões presentes em seu inventário! Você conseguirá saber se está ativado ou não por conta do brilho de encantamento que o Recipiente para Cartões terá. Segurando a tecla Shift e cliquando com o botão direito novamente irá desabilitar a coleta automática. Se você tiver o Recipiente para Cartões em seu inventário enquanto abre a interface de um Nó a Laser, você verá todos os cartões que estão dentro do recipiente"
    },
    {
      "type": "patchouli:crafting",
      "title": "Recipiente para Cartões",
      "recipe": "laserio:card_holder"
    }
  ]
}