{
  "name": "Exato",
  "sortnum": 6,
  "category": "laserio:mechanics",
  "icon": "laserio:textures/gui/buttons/exacttrue.png",
  "pages": [
    {
      "type": "patchouli:text",
      "text": "O modo Exato está somente disponível nos Modos de Extração e de Estoque.$(br2)O modo Exato garante que uma quantidade exata de itens configurada no campo 'Valor da Transferência' será extraída. Por exemplo, se o Valor da Transferência estiver definido para 8, e existirem somente 5 itens no baú adjacente, o extrator não removerá enquanto não houverem 8 itens disponíveis."
    },
    {
      "type": "patchouli:text",
      "text": "O modo Exato funciona um pouco diferente do Modo de Estoque. O modo Exato só permitirá a movimentação de itens se a quantidade necessária para atender à solicitação de estoque OU o Valor da Transferência estiver disponível na rede, o que for menor.$(br2)Por exemplo, se um estocador precisar de mais 13 itens, e pode extrair 32 por vez, somente extrairá se houverem 13 itens disponíveis em algum lugar da rede."
    }
  ]
}