{
  "name": "Prioridade",
  "sortnum": 3,
  "category": "laserio:mechanics",
  "icon": "laserio:textures/gui/buttons/modeinserter.png",
  "pages": [
    {
      "type": "patchouli:text",
      "text": "A Prioridade está disponível somente no Modo de Inserção.$(br2)A Prioridade permite que você controle a ordem em que os Cartões de Inserção funcionarão. Por padrão, os Cartões de Inserção operam no modo 'mais próximo primeiro', o que significa que os extratores tentam inserir primeiro no inventário mais próximo."
    },
    {
      "type": "patchouli:text",
      "text": "Alterando a configuração de prioridade de um Cartão de Inserção, você pode ajustar em qual inventário deverá ser inserido primeiro. A prioridade mais alta será a primeira da lista, por exemplo: a Prioridade 10 é maior do que 0, que é maior do que -10. $(br2)Se multiplos inventários estiverem com a mesma prioridade, o modo de operação será o 'mais próximo primeiro'."
    },
    {
      "type": "patchouli:text",
      "text": "Clique com o botão esquerdo para aumentar o valor em 1. Clique com o botão direito para diminuir em 1. Segurar Shift irá multiplicar o valor por 10, já ao segurar Ctrl irá multiplicar o valor por 64.$(br2)Eles podem ser combinado, ou seja, segurando Shift+Ctrl irá multiplicar por 640.$(br2)Por exemplo, segurar Shift e clicar com o botão direito irá diminuir em 10."
    }
  ]
}