{
  "name": "Modo Redstone",
  "sortnum": 11,
  "category": "laserio:mechanics",
  "icon": "laserio:textures/gui/buttons/redstonehigh.png",
  "pages": [
    {
      "type": "patchouli:text",
      "text": "O Modo Redstone determina como um sinal de redstone no $(l:laserio:redstonechannel)Canal de Redstone$(/l) afetará um cartão.$(br2)Por padrão, está definido para $(bold)ingnorar$() significando que o cartão sempre funcionará, e um sinal de redstone não o afetará em nada."
    },
    {
      "type": "patchouli:text",
      "text": "$(br2)Se definido para baixo, os cartões somente funcionarão quando NÃO existir um sinal de redstone no Canal de Redstone (o botão do Canal é o da direita do botão dos modos de redstone).$(br2)No modo de redstone alto, os cartões funcionarão quando EXISTIR um sinal de redstone no Canal de Redstone configurado."
    }
  ]
}