{
  "name": "Regular",
  "sortnum": 9,
  "category": "laserio:mechanics",
  "icon": "laserio:textures/gui/buttons/regulatetrue.png",
  "pages": [
    {
      "type": "patchouli:text",
      "text": "O modo Regular está somente disponível no Modo de Estoque.$(br2)O modo Regular garante que o Filtro de Contagem manterá a quantidade especificada de cada recurso no inventário, nem mais e nem menos."
    },
    {
      "type": "patchouli:text",
      "text": "Quando o modo Regular estivar desativado, os itens em excesso não serão removidos. Se um Estocador estiver requisitando 32 pedras com um Filtro de Contagem, e um jogador ou outro cartão inserir mais pedras, o excesso não será removido.$(br2)Com o modo Regular ativado, o excesso de pedras será sim removido, somente se existir uma maneira de inserir em outro inventário que aceite pedras."
    }
  ]
}