{
  "name": "Velocidade de Transferência (Ticks)",
  "sortnum": 8,
  "category": "laserio:mechanics",
  "icon": "minecraft:textures/item/clock_00.png",
  "pages": [
    {
      "type": "patchouli:text",
      "text": "A Velocidade de Transferência  (Ticks) está somente disponível nos Modos de Extração e Estoque.$(br2)Esta configuração determina o quão rápido um cartão irá operar. Por padrão o valor de 20 ticks significa que um Cartão de Extração extrairá itens a cada 20 ticks, ou 1 segundo."
    },
    {
      "type": "patchouli:text",
      "text": "Os Cartões de Extração e Estoque tem um valor padrão e mínimo de 20, e um valor máximo de 1200, a não ser que um $(l:laserio:overclocker_card)Overclocker de Cartão$(/l) seja instalado. A seguir são os valores mínimos de tick permitidos de acordo com o número de overclockers instalados:$(br)1. 15$(br)2. 10$(br)3. 5$(br)4. 1$(br2)Se você deseja extrair os itens a cada tick, você precisará de 4 overclockers instalados."
    },
    {
      "type": "patchouli:text",
      "text": "Clicar com o botão esquerdo no valor irá aumentar em 1. Clicar com o botão direito diminuirá em 1. Segurar Shift irá multiplciar por 10, já segurar Ctrl multiplicará por 64.$(br2)Eles podem ser combinados, ou seja, segurar Shift+Ctrl irá multiplicar o valor por 640.$(br2)Por exemplo, Shift + botão direito irá diminuir em 10."
    }
  ]
}