{
  "parent": "minecraft:recipes/root",
  "rewards": {
    "recipes": [
      "laserio:filter_basic"
    ]
  },
  "criteria": {
    "has_logic_chip": {
      "trigger": "minecraft:inventory_changed",
      "conditions": {
        "items": [
          {
            "items": [
              "laserio:logic_chip"
            ]
          }
        ]
      }
    },
    "has_the_recipe": {
      "trigger": "minecraft:recipe_unlocked",
      "conditions": {
        "recipe": "laserio:filter_basic"
      }
    }
  },
  "requirements": [
    [
      "has_logic_chip",
      "has_the_recipe"
    ]
  ]
}