{
  "parent": "minecraft:recipes/root",
  "rewards": {
    "recipes": [
      "laserio:filter_basic_nbtclear"
    ]
  },
  "criteria": {
    "has_filter_basic": {
      "trigger": "minecraft:inventory_changed",
      "conditions": {
        "items": [
          {
            "items": [
              "laserio:filter_basic"
            ]
          }
        ]
      }
    },
    "has_the_recipe": {
      "trigger": "minecraft:recipe_unlocked",
      "conditions": {
        "recipe": "laserio:filter_basic_nbtclear"
      }
    }
  },
  "requirements": [
    [
      "has_filter_basic",
      "has_the_recipe"
    ]
  ]
}